{"cameraMode":{"drawMode":0,"name":"Shaded","section":"Shading Mode"},"sceneLighting":false,"audioPlay":false,"sceneViewState":{"showFog":true,"showMaterialUpdate":false,"showSkybox":false,"showFlares":true,"showImageEffects":true,"showParticleSystems":true},"in2DMode":false,"pivot":{"x":-1.6156005859375,"y":10.21484375,"z":5.14404296875},"rotation":{"x":-0.09481551498174668,"y":-0.6470233201980591,"z":0.08156300336122513,"w":-0.7521453499794006},"size":0.8660253882408142,"orthographic":true}