{"cameraMode":{"drawMode":0,"name":"Shaded","section":"Shading Mode"},"sceneLighting":false,"audioPlay":false,"sceneViewState":{"showFog":true,"showMaterialUpdate":false,"showSkybox":false,"showFlares":true,"showImageEffects":true,"showParticleSystems":true},"in2DMode":false,"pivot":{"x":2.3910000324249269,"y":1.3733656406402588,"z":2.1780014038085939},"rotation":{"x":0.40167903900146487,"y":-0.01373541634529829,"z":0.006026351824402809,"w":0.9156589508056641},"size":1.87083101272583,"orthographic":true}