{"cameraMode":{"drawMode":0,"name":"Shaded","section":"Shading Mode"},"sceneLighting":false,"audioPlay":false,"sceneViewState":{"showFog":true,"showMaterialUpdate":false,"showSkybox":false,"showFlares":true,"showImageEffects":true,"showParticleSystems":true},"in2DMode":false,"pivot":{"x":8.220000267028809,"y":5.351024627685547,"z":0.23000001907348634},"rotation":{"x":0.4702080488204956,"y":-0.1623888462781906,"z":0.08848138898611069,"w":0.8629682064056397},"size":3.03511643409729,"orthographic":true}