{"cameraMode":{"drawMode":0,"name":"Shaded","section":"Shading Mode"},"sceneLighting":true,"audioPlay":false,"sceneViewState":{"showFog":true,"showMaterialUpdate":false,"showSkybox":true,"showFlares":true,"showImageEffects":true,"showParticleSystems":true},"in2DMode":false,"pivot":{"x":2.520725727081299,"y":1.6608009338378907,"z":2.9909791946411135},"rotation":{"x":0.6545994281768799,"y":0.18274034559726716,"z":-0.16749528050422669,"w":0.7141788005828857},"size":6.659909725189209,"orthographic":true}