{"cameraMode":{"drawMode":0,"name":"Shaded","section":"Shading Mode"},"sceneLighting":false,"audioPlay":false,"sceneViewState":{"showFog":true,"showMaterialUpdate":false,"showSkybox":false,"showFlares":true,"showImageEffects":true,"showParticleSystems":true},"in2DMode":false,"pivot":{"x":4.159999847412109,"y":0.0,"z":0.3099999725818634},"rotation":{"x":0.4367661774158478,"y":0.03641530126333237,"z":-0.01770007610321045,"w":0.8986666798591614},"size":1.2247449159622193,"orthographic":false}