{"cameraMode":{"drawMode":0,"name":"Shaded","section":"Shading Mode"},"sceneLighting":false,"audioPlay":false,"sceneViewState":{"showFog":true,"showMaterialUpdate":false,"showSkybox":false,"showFlares":true,"showImageEffects":true,"showParticleSystems":true},"in2DMode":false,"pivot":{"x":5.7296142578125,"y":1.96337890625,"z":-0.18212944269180299},"rotation":{"x":0.40167903900146487,"y":-0.01373541634529829,"z":0.006026351824402809,"w":0.9156589508056641},"size":1.8708298206329346,"orthographic":true}